<BackupInst xmlns="http://www.microsoft.com/GroupPolicy/GPOOperations/Manifest"><GPOGuid><![CDATA[{14D6114A-4787-4CDC-86DC-F098E120DB51}]]></GPOGuid><GPODomain><![CDATA[lab.local]]></GPODomain><GPODomainGuid><![CDATA[{74659b0a-94a5-4a65-a7a1-e496e473dbdc}]]></GPODomainGuid><GPODomainController><![CDATA[dc01.lab.local]]></GPODomainController><BackupTime><![CDATA[2024-12-06T09:08:17]]></BackupTime><ID><![CDATA[{42B4681D-CF47-4895-AA2E-406AA1F3BB02}]]></ID><Comment><![CDATA[]]></Comment><GPODisplayName><![CDATA[LabGroupPolicy]]></GPODisplayName></BackupInst>
